{"textures":{"0":"block/mossy_stone_bricks","1":"block/nether_wart_block","particle":"block/mossy_stone_bricks"},"elements":[{"from":[9.5,6,5],"to":[10.5,7,6],"faces":{"north":{"uv":[13,3,14,4],"texture":"#1"},"east":{"uv":[8,1,9,2],"texture":"#1"},"south":{"uv":[5,10,6,11],"texture":"#1"},"west":{"uv":[5,2,6,3],"texture":"#1"},"up":{"uv":[8,0,9,1],"rotation":270,"texture":"#1"},"down":{"uv":[2,6,3,7],"rotation":90,"texture":"#1"}}},{"from":[7.5,6,5],"to":[8.5,7,6],"faces":{"north":{"uv":[12,4,13,5],"texture":"#1"},"east":{"uv":[8,1,9,2],"texture":"#1"},"south":{"uv":[7,9,8,10],"texture":"#1"},"west":{"uv":[7,2,8,3],"texture":"#1"},"up":{"uv":[6,0,7,1],"rotation":270,"texture":"#1"},"down":{"uv":[2,3,3,4],"rotation":90,"texture":"#1"}}},{"from":[5.5,6,5],"to":[6.5,7,6],"faces":{"north":{"uv":[12,4,13,5],"texture":"#1"},"east":{"uv":[8,1,9,2],"texture":"#1"},"south":{"uv":[7,9,8,10],"texture":"#1"},"west":{"uv":[6,1,7,2],"texture":"#1"},"up":{"uv":[7,0,8,1],"rotation":270,"texture":"#1"},"down":{"uv":[2,7,3,8],"rotation":90,"texture":"#1"}}},{"from":[10.5,8,5],"to":[11.5,12,6],"faces":{"north":{"uv":[6,10,7,14],"texture":"#1"},"east":{"uv":[7,10,8,14],"texture":"#1"},"south":{"uv":[4,8,5,12],"texture":"#1"},"west":{"uv":[5,8,6,12],"texture":"#1"},"up":{"uv":[3,9,4,10],"rotation":270,"texture":"#1"},"down":{"uv":[4,7,5,8],"rotation":90,"texture":"#1"}}},{"from":[4.5,8,5],"to":[5.5,12,6],"faces":{"north":{"uv":[6,11,7,15],"texture":"#1"},"east":{"uv":[10,6,11,10],"texture":"#1"},"south":{"uv":[7,0,8,4],"texture":"#1"},"west":{"uv":[2,9,3,13],"texture":"#1"},"up":{"uv":[2,6,3,7],"rotation":270,"texture":"#1"},"down":{"uv":[8,12,9,13],"rotation":90,"texture":"#1"}}},{"from":[7.5,9,5],"to":[8.5,11,6],"faces":{"north":{"uv":[13,2,14,4],"texture":"#1"},"east":{"uv":[11,8,12,10],"texture":"#1"},"south":{"uv":[7,0,8,2],"texture":"#1"},"west":{"uv":[9,6,10,8],"texture":"#1"},"up":{"uv":[0,0,1,1],"rotation":270,"texture":"#1"},"down":{"uv":[3,4,4,5],"rotation":90,"texture":"#1"}}},{"from":[5.5,11,5],"to":[10.5,13,6],"faces":{"north":{"uv":[5,0,10,2],"texture":"#1"},"east":{"uv":[11,2,12,4],"texture":"#1"},"south":{"uv":[5,1,10,3],"texture":"#1"},"west":{"uv":[13,3,14,5],"texture":"#1"},"up":{"uv":[6,10,7,15],"rotation":270,"texture":"#1"},"down":{"uv":[6,11,7,16],"rotation":90,"texture":"#1"}}},{"from":[8.5,7,5],"to":[10.5,9,6],"faces":{"north":{"uv":[6,1,8,3],"texture":"#1"},"east":{"uv":[11,2,12,4],"texture":"#1"},"south":{"uv":[7,0,9,2],"texture":"#1"},"west":{"uv":[13,3,14,5],"texture":"#1"},"up":{"uv":[10,8,11,10],"rotation":270,"texture":"#1"},"down":{"uv":[13,9,14,11],"rotation":90,"texture":"#1"}}},{"from":[5.5,7,5],"to":[7.5,9,6],"faces":{"north":{"uv":[6,1,8,3],"texture":"#1"},"east":{"uv":[11,2,12,4],"texture":"#1"},"south":{"uv":[7,0,9,2],"texture":"#1"},"west":{"uv":[13,3,14,5],"texture":"#1"},"up":{"uv":[10,8,11,10],"rotation":270,"texture":"#1"},"down":{"uv":[13,9,14,11],"rotation":90,"texture":"#1"}}},{"from":[0,0,3],"to":[16,2,13],"faces":{"north":{"uv":[0,0,16,2],"texture":"#0"},"east":{"uv":[0,0,10,2],"texture":"#0"},"south":{"uv":[0,0,16,2],"texture":"#0"},"west":{"uv":[0,0,10,2],"texture":"#0"},"up":{"uv":[0,0,10,16],"rotation":270,"texture":"#0"},"down":{"uv":[0,0,10,16],"rotation":90,"texture":"#0"}}},{"from":[1,2,4],"to":[15,3,12],"faces":{"north":{"uv":[0,0,14,1],"texture":"#0"},"east":{"uv":[0,0,8,1],"texture":"#0"},"south":{"uv":[0,0,14,1],"texture":"#0"},"west":{"uv":[0,0,8,1],"texture":"#0"},"up":{"uv":[0,0,8,14],"rotation":270,"texture":"#0"},"down":{"uv":[0,0,8,14],"rotation":90,"texture":"#0"}}},{"from":[2,3,6],"to":[14,15,10],"faces":{"north":{"uv":[4,0,16,12],"texture":"#0"},"east":{"uv":[0,0,4,12],"texture":"#0"},"south":{"uv":[0,0,12,12],"texture":"#0"},"west":{"uv":[0,0,4,12],"texture":"#0"},"up":{"uv":[0,0,4,12],"rotation":270,"texture":"#0"},"down":{"uv":[0,0,4,12],"rotation":90,"texture":"#0"}}},{"from":[3,15,6.5],"to":[13,16,9.5],"faces":{"north":{"uv":[0,0,10,1],"texture":"#0"},"east":{"uv":[6,0,9,1],"texture":"#0"},"south":{"uv":[0,3,10,4],"texture":"#0"},"west":{"uv":[3,0,6,1],"texture":"#0"},"up":{"uv":[0,0,3,10],"rotation":270,"texture":"#0"},"down":{"uv":[3,0,6,10],"rotation":90,"texture":"#0"}}},{"from":[4,16,7],"to":[12,17,9],"faces":{"north":{"uv":[0,0,8,1],"texture":"#0"},"east":{"uv":[0,0,2,1],"texture":"#0"},"south":{"uv":[0,4,8,5],"texture":"#0"},"west":{"uv":[0,0,2,1],"texture":"#0"},"up":{"uv":[2,0,4,8],"rotation":270,"texture":"#0"},"down":{"uv":[7,0,9,8],"rotation":90,"texture":"#0"}}}],"display":{"thirdperson_righthand":{"rotation":[90,-180,0],"translation":[-6,-2,-4],"scale":[-1,1,-1]},"ground":{"scale":[0.5,0.5,0.5]},"gui":{"rotation":[25,-150,0],"scale":[0.5,0.5,0.5]},"head":{"rotation":[0,-180,0],"translation":[0,-31.2,0],"scale":[1.5,1.5,1.5]},"fixed":{"rotation":[-90,0,0],"translation":[0,0,-16],"scale":[2,2,2]}},"groups":[{"name":"skull","origin":[0,0,0],"color":0,"children":[0,1,2,3,4,5,6,7,8,{"name":"group","origin":[0,0,0],"color":0,"children":[]}]},{"name":"grave","origin":[0,0,0],"color":0,"children":[9,10,11,12,13]}]}