{"parent":"minecraft:item/handheld","textures":{"layer0":"minecraft:item/diamond_sword"},"overrides":[{"predicate":{"custom_model_data":10000},"model":"iasurvival:ia_auto_gen/ruby_sword"},{"predicate":{"custom_model_data":10001},"model":"iaspecial_swords:item/closed_lightsaber"},{"predicate":{"custom_model_data":10002},"model":"iaspecial_swords:item/green_lightsaber"},{"predicate":{"custom_model_data":10003},"model":"iaspecial_swords:item/red_lightsaber"},{"predicate":{"custom_model_data":10004},"model":"iaspecial_swords:item/blue_lightsaber"},{"predicate":{"custom_model_data":10005},"model":"iasurvival:item/swords/firesword_sword"},{"predicate":{"custom_model_data":10006},"model":"iasurvival:ia_auto_gen/end_sword"},{"predicate":{"custom_model_data":10007},"model":"iaspecial_swords:ia_auto_gen/elucidator_sword"},{"predicate":{"custom_model_data":10008},"model":"iasurvival:ia_auto_gen/dark_amethyst_sword"},{"predicate":{"custom_model_data":10009},"model":"iasurvival:ia_auto_gen/vyderlight_sword"},{"predicate":{"custom_model_data":10010},"model":"iasurvival:ia_auto_gen/bloodnite_sword"},{"predicate":{"custom_model_data":10011},"model":"iaspecial_swords:item/floating_sword"},{"predicate":{"custom_model_data":10012},"model":"iaspecial_swords:ia_auto_gen/repulser_sword"},{"predicate":{"custom_model_data":10013},"model":"iasurvival:ia_auto_gen/emerald_sword"},{"predicate":{"custom_model_data":10014},"model":"iaalchemy:ia_auto_gen/mysterious_sword"},{"predicate":{"custom_model_data":10015},"model":"iasurvival:ia_auto_gen/aqualight_sword"},{"predicate":{"custom_model_data":10016},"model":"iasurvival:ia_auto_gen/bronze_sword"},{"predicate":{"custom_model_data":10017},"model":"iaspecial_swords:item/masters_sword"},{"predicate":{"custom_model_data":10018},"model":"iasurvival:ia_auto_gen/rusteroth_sword"},{"predicate":{"custom_model_data":10019},"model":"item/diamond_sword"}]}