{"parent":"item/generated","textures":{"layer0":"item/leather_leggings","layer1":"item/leather_leggings_overlay"},"overrides":[{"predicate":{"custom_model_data":10000},"model":"iasurvival:ia_auto_gen/dark_amethyst_leggings"},{"predicate":{"custom_model_data":10001},"model":"iasurvival:ia_auto_gen/bronze_leggings"},{"predicate":{"custom_model_data":10002},"model":"iaalchemy:ia_auto_gen/mysterious_leggings"},{"predicate":{"custom_model_data":10003},"model":"iasurvival:ia_auto_gen/ruby_leggings"},{"predicate":{"custom_model_data":10004},"model":"iasurvival:ia_auto_gen/obsidian_leggings"},{"predicate":{"custom_model_data":10005},"model":"item/leather_leggings"}]}