{"parent":"item/generated","textures":{"layer0":"item/potion_overlay","layer1":"item/potion"},"overrides":[{"predicate":{"custom_model_data":10000},"model":"iasurvival:ia_auto_gen/coffee"},{"predicate":{"custom_model_data":10001},"model":"iasurvival:ia_auto_gen/cola"},{"predicate":{"custom_model_data":10002},"model":"iasurvival:ia_auto_gen/bloody_mary"},{"predicate":{"custom_model_data":10003},"model":"iaalchemy:ia_auto_gen/diamonds_finder_potion"},{"predicate":{"custom_model_data":10004},"model":"iaalchemy:ia_auto_gen/emeralds_finder_potion"},{"predicate":{"custom_model_data":10005},"model":"iaalchemy:ia_auto_gen/strange_potion"},{"predicate":{"custom_model_data":10006},"model":"iaalchemy:ia_auto_gen/antidote"},{"predicate":{"custom_model_data":10007},"model":"iasurvival:ia_auto_gen/hot_chocolate"},{"predicate":{"custom_model_data":10008},"model":"item/potion"}]}