{"parent":"minecraft:item/generated","textures":{"layer0":"minecraft:item/wheat_seeds"},"overrides":[{"predicate":{"custom_model_data":10000},"model":"iasurvival:ia_auto_gen/tomato_seeds"},{"predicate":{"custom_model_data":10001},"model":"iasurvival:ia_auto_gen/garlic_seeds"},{"predicate":{"custom_model_data":10002},"model":"iasurvival:ia_auto_gen/lettuce_seeds"},{"predicate":{"custom_model_data":10003},"model":"iasurvival:ia_auto_gen/chili_pepper_seeds"},{"predicate":{"custom_model_data":10004},"model":"iasurvival:ia_auto_gen/rice_seeds"},{"predicate":{"custom_model_data":10005},"model":"iasurvival:ia_auto_gen/tobacco_seeds"},{"predicate":{"custom_model_data":10006},"model":"item/wheat_seeds"}]}